id,name,level,balance
262520932,Сева,0,5.0
332436124,a,3,12.203125
1733253401,Алекс,1,31.25
798860272,Никита,0,0.0
185767732,Павел,8,14.281249999999998
479231022,Roman,16,184.75155566912187
888095651,Екатерина,34,161639.17766998865
410756814,Matvey,8,21.455741882325256
